电子信息与电气工程学院(计算机系),船舶海洋与建筑工程学院,机械与动力工程学院,电子信息与电气工程学院,(031)电子信息与电气工程学院(电气系),电子信息与电气工程学院(自动化系),电子信息与电气工程学院(电子系),电子信息与电气工程学院(仪器系),电子信息与电气工程学院(网络空间安全学院),电子信息与电气工程学院(软件学院),电子信息与电气工程学院(微纳电子学系),,数学科学学院,物理与天文学院,生命科学技术学院,生物医学工程学院,,科学史与科学文化研究院,化学化工学院,安泰经济与管理学院,国际与公共事务学院,外国语学院,农业与生物学院,环境科学与工程学院,药学院,凯原法学院,新闻传播学,电子信息与电气工程学院(微电子学院),马克思主义学院,体育系,上海交大-巴黎高科卓越工程师学院,上海交大-南加州大学文化创意产业学院
神经网络,混凝土,机器人,质量保证,分布式,机器人,传感器,机器人,神经网络,分布式,传感器,复合材料,贝叶斯,等离子体,dna,视网膜,普通话,气候变化,聚合物,供应商,公共服务,语言学,微生物,微生物,特异性,监护人,投资者,载流子,社会主义,近红外,机器人,主旋律
分布式,动力学,发动机,信息化,模块化,神经网络,滤波器,无人机,管理系统,管理系统,等离子体,机器人,分布式,动力学,单胞菌,聚合物,吉尔吉斯语,竺可桢,催化剂,供应链,满意度,语料库,沙门氏菌,污染物,传感器,经营者,立法权,mos,意识形态,推铅球,动力学,博物馆
rsa,有限元,动力学,有效性,变压器,cnn,分布式,括约肌,动力学,虚拟化,碳纳米管,镁合金,太阳能,太阳电池,微生物,流式细胞,学习者,世界气象组织,复合材料,消费者,公务员,虚无主义,葡萄球菌,自由基,生长因子,投资者,大学生,肖特基,马克思主义,运动员,太阳能,自然语言
存储系统,复合材料,传感器,六西格玛,变流器,控制系统,神经网络,sio2,信息安全,自动化,飞行器,奥氏体,神经网络,半导体,蛋白质,动力学,理查德,,两亲性,分析法,分析法,话语分析,转基因,有机物,阳离子,知识产权,流变学,自动控制,资本主义,生命周期,等离子体,知识产权
paddy,lng,控制系统,信贷风险,神经网络,贝叶斯,动力学,葡萄球菌,风险管理,数据库,可编程,氧化物,动力学,激光器,白血病,前列腺,艾尔曼,,粘弹性,人力资源,留学生,莎士比亚,aaora,动力学,毛细管,债权人,神经网络,高密度,共同体,体育产业,pid,虚拟社区
电信号,聚合物,太阳能,特征提取,逆变器,观测器,复合材料,螺旋桨,恶意软件,神经网络,转换器,等离子体,方程组,qcd,特异性,mri,王尔德,,改性沥青,投资者,数据库,叙事学,原生质,水资源,sio2,人工智能,消费者,等离子体,比林斯,功能性,karel,满意度
计算机,颗粒物,复合材料,vcom,变换器,无人机,ofdm,尖晶石,二进制,计算机,驱动器,传感器,机器人,majorana,基转移酶,磁共振,英国外交部,,分子筛,ipo,机器人,理查德,动力学,光电催化,干细胞,表决权,障碍性,pid,历史观,工作台,tcp,选择性
摄像头,机器人,换热器,缓冲区,cf3i,编码器,谐振器,动力学,网络协议,apache,机器人,供应链,消费者,单光子,干细胞,tumor,新西兰,,硅氧烷,管理者,聚合物,控制能力,uplc,磁铁矿,声共振,使用权,还原法,电路板,发展史,体育锻炼,天然气,生命周期
低功耗,稳定性,有限元,手机软件,传感器,pid,机器人,神经网络,建设项目,即时通讯,发生器,铝合金,stokes,斯涅耳,基因簇,粒细胞,唐開成,,sr0,自动化,规范化,世界性,脂肪酶,复发性,混凝土,公司法,供应商,麦克风,宇宙学,糖尿病,斯特林,综艺节目
毫米波,装配式,催化剂,员工福利,phase,分布式,放大器,传感器,lte,应用程序,放大器,电化学,vlasov,gamma,基因组,生长因子,古定本,,fe1,资源管理,等离子体,语义学,pcr,燃料电池,氧化物,出租车,留学生,神经网络,量子力学,老年人,发动机,spss
引力波,解除权,氧化物,网络分析,服务器,dcs,影响力,拉格朗,xnu,图像处理,动力学,动力学,分析法,对撞机,脱氢酶,甲基化,语料库,,mno3,传感器,天然气,劳伦斯,噬菌体,同位素,蛋白质,委员会,复用器,剂量效应,哥本哈根,攻击性,微电极,lstm
马尔可夫,一体化,超临界,cowa,分类器,gru,无人机,内窥镜,android,处理器,电路板,稳定性,依赖于,sheath,肾上腺,丙烯酰胺,travel,,mn1,动力学,热处理,奥利弗,化合物,光催化,亲和力,反垄断,女性主义,集成电路,经济学,主营业务,信号处理,贸易战
经销商,推进器,分布式,风险管理,整流器,应用程序,fiber,还原酶,ruby,dwg,晶体管,stokes,直流电,中微子,pseudomonas,dna,chinese,,共聚物,swot,推力器,肯尼思,马铃薯,fe2o3,ber,管辖权,一致性,tmah,适应性,品牌策略,甲状腺,跨文化
自然语言,弹塑性,一体化,贡献率,机器人,稳定性,doa,hdehp,策略管理,node,周期性,x射线,lax,玻色子,高通量,前列腺癌,条件句,,chiral,分析师,p2p,少儿英语,流行性,催化剂,单克隆,发明专利,病毒性,mim,ssp,,自然语言,文化产业
视网膜,神经网络,自动化,层次模型,交直流,锂离子,photonic,nbp,dga,可靠性,神经网络,太阳能,一致性,群速度,抑制剂,nhs,人类学,,电解液,催化剂,李斯特,学习者,液相色谱仪,胶体金,二氧化硅,监护权,再融资,二极管,劳资关系,,fe3,amc
生成式,遗传算法,驱动器,通信工程,再生能源,发电机,编码器,sw26010,控制流,系统集成,存储器,有限元,robust,pedot,pcr,干细胞,跨文化,,稳定性,解决方案,公共政策,学习型,aatcp15,基大环铁,衍生物,名胜区,混合器,半导体,话语权,,fe2,内容分析
个性化,pier,管理系统,fmea,同步电机,发动机,mems,卡尔曼滤波,应用程序,充电站,二硫化钼,热处理,pva,pss,crispr,计算机辅助,澳大利亚,,超临界,信用卡,换热器,朱利安,tof,clo,集热器,专利权,线路板,变压器,欧几里得,,超临界,票面价格
贝叶斯,高密度,稳定性,erp,可编程,故障诊断,二极管,滤波器,gru,数据服务,处理器,选择性,供应链,折射率,线粒体,阵发性,对外汉语,,烯丙基,压缩机,自下而上,巴恩斯,质谱仪,生物质,nta,转基因,大脑皮层,相干性,工商业,,激励机制,指标体系
服务器,增强型,核电厂,供应链,配电网,jacobi,广播网,pcr,电子书,软件工程,扑翼微,相互作用,房地产,电化学,qpcr,pna,留学生,,反应器,事务所,汉语言,福楼拜,视网膜,h2o2,角蛋白,网络空间,神经元,化学镀,生产方式,,垂直轴,孤独感
信息检索,色谱法,反应堆,管理体系,风电场,催化剂,自由基,聚合物,最大值,知识库,半导体,应用程序,边界条件,thomson,结构域,apcr,第二语言,,电催化,聚乙烯,喷油器,米切尔,免疫调节,颗粒物,聚合物,惩罚性,selfie,饱和电流,选择性,,发电机,客户端
临床试验,波动性,聚合物,供应商,氧化物,形状记忆,配电网,近红外,数据分析,柔性化,嵌入式,gmaw,流体力学,偏振光,合成酶,stem,hsc,,粘结剂,发审委,神经网络,修饰语,骨细胞,磁共振,稳定性,联合国,外显子,人机交互,高技术,,传感器,
管理系统,rov,神经网络,软件测试,稳定性,聚合物,接收机,结构式,虚拟化,子系统,路由器,dna,cam,布洛赫,acid,stalk,金瓶梅,,自由基,聚乙二醇,供应链,宣传片,核苷酸,vocs,川木香,海洋法,抑郁症,伺服机构,科技人才,,汽轮机,
飞行器,foam,汽轮机,wbs,发电机,特征提取,物理层,swot,sip,音视频,调制器,pva,capp,微扰论,rna,ikk,王世贞,,光催化,分布式,,格莱斯,还原酶,苦味酸,高血压,规范性,资源管理,iso,中国化,,有限元,
应用程序,分析法,ansys,民用飞机,单胞菌,初始化,毫米波,shafer,rtp,编解码,链式反应,流量计,仪表板,惰性气体,核酸酶,tbk1,城镇人口,,可见光,stock,,茅盾文学奖,小白菜,水热炭,投资者,技术标准,人力资源,燃料电池,公有制,,网络系统,
minstrel,粘弹性,sio2,dsm,分析法,遗传算法,激光器,应答器,密码学,无人机,pcr,lithium,可编程,载流子,catenin,膝关节,个人身份,,半导体,微生物,,伦理学,病毒组,钙钛矿,pet,私营部门,直肠癌,ecu,程大位,,冲击波,
adaptation,pid,热交换器,iptv,电力系统,单相接地,互联网,相位差,soho,数据保护,温度传感器,分布式,门阵列,全同粒子,水解酶,gas,不对称性,,工程化,上市公司,,句法结构,吸引力,气溶胶,aspc,城乡建设,糖苷酶,fmeda,信念修正,,trnsys,
heterogeneous,流水线,flow,生命周期,价值链,反作用,低密度,分系统,路由器,可编程,金属结构,navier,微分方程,肖特基,纤维素,前列腺素,edx,,低浓度,产业链,,汉语言,二氧化碳,x射线,细胞株,公共道德,双金属,存储器,李善兰,,fanuc,
networks,风力机,逆变换,,open,lyapunov,nlos,测量仪,分布式,门阵列,太阳能,证券化,控制系统,非平衡态,氨酰基,egfr,庚子赔款,,mgal2o4,非晶硅,,社会主义,电子束,吸收光谱,苯并呋喃,代理权,co2,dsp,中美关系,,温湿度,
布鲁赫,苯甲酸,coli,,输变电,交互式,压缩空气,红外热,存储系统,连接器,高性能,变换器,满意度,热力学,等离子体,缺血性,东干语,,尖晶石,核燃料,,文体学,苯甲酸,免疫学,聚乙二醇,财产权,著作权,读写器,过渡时期,,充电站,
merkle,acp,半导体,,电动汽车,最优控制,傅里叶,溶解氧,增强型,信用风险,氮化硅,tib2,安全性,dlcz,mesenchymal,脑卒中,hsk,,紫外光,混凝土,,语气助词,纤维细胞,pdms,crispr,实质性,共聚物,电子锁,生态环境,,流体力学,
damgard,倍半萜,电信号,,mvdc,绩效评价,信号强度,信号强度,性能指标,多维度,电子束,敏感性,有限元,电晶体,stromal,变异性,hskk,,热塑性,管理系统,,批评性,利用效率,pmma,cas9,借记卡,浏览器,二氧化硅,科学主义,,roboguide,
oracle,互联网,运动学,,ips,信号处理,调制器,数据传输,idf,交易系统,空气污染,热效应,抑制剂,发生器,单核细胞,个性化,复杂度,,聚烯烃,新能源,,翻译学,生节位,mwcnts,氨基酸,受害人,程序员,氮化硅,相对论,,钢丝绳,
prefix,微生物,电火花,,多项式,金字塔,牵引式,腹腔镜,zynq,android,视网膜,一体化,hirota,决策树,核苷酸,功能化,准确度,,his6,dna,,说明性,溶血性,二甲基,氧化酶,责任保险,收割机,折射率,私有财产,,信息论,
monitoring,etfe,燃料电池,,freertos,脑电波,聚合物,原子力,最优控制,限制性,方法学,二氧化钛,聚丙烯,放大器,gp72,avr,内容效度,,tag,复合材料,,文化差异,回流率,硅氧烷,mor,国际法,镁合金,tddb,共产主义,,电动汽车,
motion,line,lng,,操作系统,出租车,显著性,操作系统,dct,一致性,数据处理,tig,paas,探测器,噬菌体,单片机,牛郎织女,,生物降解,抑制剂,,黄继忠,气候变化,溶解性,nri,司法人员,电子化,doe,马克思,,碱金属,
iov,脆弱性,氯化锂,,特征选择,电信号,氧化物,温度场,天然气,自动机,非晶硅,半导体,互联网,hbt,共沉淀,嵌入式,生造词,,抗磨剂,糖尿病,,医学类,腺嘌呤,含水层,ruphox,分类管理,,图形库,唯物史观,,机械手,
rna,承载力,不锈钢,,皮尔逊,不对称性,利卡西,无线网,计算机辅助,冷启动,接收机,metal,serre,干涉仪,小球藻,血管病,学习成绩,,sem,市场营销,,社科类,番茄红素,氟苯尼,分枝杆菌,外观设计,,金属化,异质性,,arduino,
circrna,viv,fmea,,相关系数,pca,多元化,参与率,网络流量,实时性,流水线,mri,复合材料,光学材料,李斯特,聚丙烯酸,马来西亚,,eds,劳动力,,形容词,合成酶,氧化物,乌甲素,网络平台,,vdmos,唯物主义,,人工神经网络,
市场预测,catia,铝合金,,计数法,hog,合成孔径雷达,虚拟空间,gpu,,缓冲器,可降解,氯化锂,场效应,染色质,固定化,地方官,,转换法,运营商,,创造性,抗病毒,bivo4,npu,科技成果,,光刻胶,生态危机,,遗传算法,
cpu,auv,故障诊断,,电融合,复合机,低功耗,脉宽调制,贝叶斯,,开关柜,等离子,garch,pqcd,平滑肌,依赖性,梁遇春,,细胞层,saas,,祈使句,天然免疫,资源化,dnae,规章制度,,测试方法,相对主义,,等待时间,
利用率,发动机,柴油机,,代理商,南水北调,超宽带,分枝杆菌,初始化,,均匀度,纳米线,热塑性,薛定谔,适应性,hdac,文学史,,鸡尾酒,甘氨酸,,英译汉,gbs,co3o4,相色谱,航空器,,acpi,,,球墨铸铁,
数据分析,挖泥船,编码器,,锂电池,nsga,布里渊,中小银行,信用风险,,图形化,种植体,巴尔通,显微镜,周期性,抑制剂,文学作品,,共振频率,multi,,比较文学,irms,超临界,链球菌,自主权,,upf,,,网络安全,
数据结构,含水层,天然气,,满意度,再生能源,晶体管,阿尔兹海,数据安全,,莫合金,肖特基,马尔可夫,正负电子,相色谱,结构域,现代汉语,,拓扑学,增长率,,知识分子,脂肪肝,氧化锆,脱氢酶,劳动权,,低噪声,,,相对湿度,
亲和性,运输船,热化学,,功率因数,直流电机,,黄嘌呤,并行计算,,铁氧体,纤维素,pcn,聚合物,化合物,adv,电视教学,,gns,pest,,目的论,馏出物,有色金属,肉苁蓉,军事行动,,数字滤波,,,生物质,
寄存器,燃烧弹,贝叶斯,,pfc,直方图,,氧化酶,客户关系,,金属化,abel,mini,fokker,沙门氏菌,多项式,郁达夫,,nico2o4,晶体管,,村上春树,微胶囊,循环水,phoa,法律顾问,,,,,cfd,
mpeg,水轮机,等离子体,,充放电,自动化,,类似物,访问控制,,数据模型,逆变换,batch,planck,sam,图像增强,现代化,,阻燃剂,葡萄球菌,,男女平等,g10,电容器,启动子,税收法律,,,,,多通道,
dash,阶梯形,电化学,,分散控制,热效率,,可压缩,注意力,,散射截面,自动机,saem,rebco,nci,探测器,中文系,,轮胎橡胶,起搏器,,内省法,epsps,地下水,stii,电子商务,,,,,,
冷冻电,波浪理论,变换器,,dssr,服务器,,单分子层,供应商,,电磁波,硅酸盐,基转移酶,费米子,磷脂酶,神经元,证据法,,碳纤维,o2o,,文学作品,抑制剂,多元化,信号肽,违约金,,,,,,
投影图,dyna,离合器,,pass,网络拓扑,,骨细胞,控制器,,wkb,沉积物,布朗运动,fese,流式细胞,故障率,语气词,,造影剂,,,著作权法,包装纸,饮用水,系统验证,共和国,,,,,,
techno,发电机,供应链,,filter,cvi,,催化剂,sdn,,comsol,超音速,率控制,向列相,保护剂,祖细胞,课程设计,,聚酰亚胺,,,功能主义,葡萄籽,化学降解,倍半萜,替代性,,,,,,
economic,干散货,coated,,保护器,预处理,,流式细胞,长短期,,准稳态,玻璃纤维,信息系统,电子枪,akkermansia,nadh,毛泽东,,核苷酸,,,蓝诗玲,提取物,过氧化物,二聚体,请求权,,,,,,
过滤器,plant,温度场,,分压器,发生器,,mlst,多任务,,滤波器,原子力,可分解,紫外光,muciniphila,stimulation,范成大,,vsx,,,主题词,内质网,硝基苯,wnt,持有人,,,,,,
efi,预制构件,piv,,mod,调节阀,,nino,自动机,,探测器,显微镜,决策树,伦科夫,葡聚糖,钛合金,政论文,,结合能,,,脱口秀,润肤油,limn2o4,catenin,被执行人,,,,,,
开发包,高浓度,平板车,,谱分析,敏感度,,大气压,自动化,,惯性导航,h13,线性方程组,冲击波,硫酸钠,饱和度,书面语,,纤维素,,,英汉翻译,负离子,mofs,维甲酸,撤销权,,,,,,
sql,边界层,紫外光,,涡流损耗,信息安全,,等离子体,缓冲区,,allan,工具钢,紧映射,曼光谱,分枝杆菌,脂质体,多元智能,,聚碳酸,,,儿童文学,盐碱地,电化学,dsc,东道国,,,,,,
hadoop,代数方程,hole,,分离法,恒流源,,马尔可夫,flink,,马尔可夫,氧化钇,auc,higgs,螺旋杆菌,放化疗,,,亚丙酯,,,称谓语,静电场,fmri,nano,受益人,,,,,,
脑卒中,颈动脉,氧化钛,,燃气轮机,公平性,,反冲力,一体化,,空间频率,氧化锆,编码器,x射线,大肠杆菌,选择性,,,异构化,,,,超氧化物,nrco3o4,环糊精,内分泌,,,,,,
